"Specimen_ID","River","Year","Month_Collected","Day_Collected","Length_mm","Score_Rectum","Score_Mantle","Polydora_outside","Cliona","Polydora_blister","dermo_infected","polydora_infected","cliona_infected","n_infections","infection_group"
"MG-0086","West",2022,"10","12",84.7,2,2,20,0,8,1,1,0,2,"Co-infected"
"MG-0087","West",2022,"10","12",173.98,3,2,75,0,15.5,1,1,0,2,"Co-infected"
"MG-0088","West",2022,"10","12",102.81,2,2,37.5,0,22.5,1,1,0,2,"Co-infected"
"MG-0089","West",2022,"10","12",107.5,2,0.5,42.5,0,12.5,1,1,0,2,"Co-infected"
"MG-0090","West",2022,"10","12",135.95,3,1,67.5,0,17.5,1,1,0,2,"Co-infected"
"MG-0091","West",2022,"10","12",102.37,4,3,30,0,11,1,1,0,2,"Co-infected"
"MG-0092","West",2022,"10","12",97.55,0,0,35,0,9.5,0,1,0,1,"Single"
"MG-0093","West",2022,"10","12",107.31,0.5,1,80,0,20.5,1,1,0,2,"Co-infected"
"MG-0094","West",2022,"10","12",101.36,0,0,17.5,0,6,0,1,0,1,"Single"
"MG-0095","West",2022,"10","12",116.63,3,2,67.5,0,16,1,1,0,2,"Co-infected"
"MG-0096","West",2022,"10","12",134.46,3,2,75,0,19.5,1,1,0,2,"Co-infected"
"MG-0097","West",2022,"10","12",91.55,1,0.5,52.5,0,15,1,1,0,2,"Co-infected"
"MG-0098","West",2022,"10","12",90.96,1,0.5,50,0,8,1,1,0,2,"Co-infected"
"MG-0099","West",2022,"10","12",82.25,1,1,40,0,7,1,1,0,2,"Co-infected"
"MG-0100","West",2022,"10","12",88.64,0.5,0.5,20,0,8,1,1,0,2,"Co-infected"
"MG-0101","West",2022,"10","12",125.98,2,1,80,0,18,1,1,0,2,"Co-infected"
"MG-0102","West",2022,"10","12",97.43,3,2,40,0,9,1,1,0,2,"Co-infected"
"MG-0103","West",2022,"10","12",87.78,1,1,50,0,14,1,1,0,2,"Co-infected"
"MG-0104","West",2022,"10","12",108.96,4,4,55,0,8.5,1,1,0,2,"Co-infected"
"MG-0105","West",2022,"10","12",100.53,3,1,30,0,16.5,1,1,0,2,"Co-infected"
"MG-0106","West",2022,"10","12",109.72,3,2,80,0,25,1,1,0,2,"Co-infected"
"MG-0107","West",2022,"10","12",112.38,2,1,30,0,14,1,1,0,2,"Co-infected"
"MG-0108","West",2022,"10","12",99.96,0,0,65,0,7,0,1,0,1,"Single"
"MG-0109","West",2022,"10","12",102.62,0,0,50,0,8.5,0,1,0,1,"Single"
"MG-0110","West",2022,"10","12",88.61,0.5,0,52.5,0,10,1,1,0,2,"Co-infected"
"MG-0111","West",2022,"10","12",82.52,4,4,15,0,7,1,1,0,2,"Co-infected"
"MG-0112","West",2022,"10","12",115.15,0.5,0,35,0,11,1,1,0,2,"Co-infected"
"MG-0113","West",2022,"10","12",105.85,0,0,65,0,9.5,0,1,0,1,"Single"
"MG-0114","West",2022,"10","12",109.21,3,2,60,0,17.5,1,1,0,2,"Co-infected"
"MG-0115","West",2022,"10","12",94.51,0,0,32.5,0,11,0,1,0,1,"Single"
"MG-0116","South",2022,"10","11",113.34,4,3,42.5,0,3.5,1,1,0,2,"Co-infected"
"MG-0117","South",2022,"10","11",98.46,3,2,13.75,0,5,1,1,0,2,"Co-infected"
"MG-0118","South",2022,"10","11",87.33,2,2,17.5,0,2,1,1,0,2,"Co-infected"
"MG-0119","South",2022,"10","11",99.77,2,2,32.5,0,11.5,1,1,0,2,"Co-infected"
"MG-0120","South",2022,"10","11",93.49,3,3,13.75,0,6,1,1,0,2,"Co-infected"
"MG-0121","South",2022,"10","11",71.76,4,4,7.5,0,4.5,1,1,0,2,"Co-infected"
"MG-0122","South",2022,"10","11",96.12,0.5,0.5,8.75,0,4,1,1,0,2,"Co-infected"
"MG-0123","South",2022,"10","11",86.21,0,0,36.25,0,1.5,0,1,0,1,"Single"
"MG-0124","South",2022,"10","11",116.2,5,5,47.5,0,4,1,1,0,2,"Co-infected"
"MG-0125","South",2022,"10","11",109.15,2,2,52.5,0,3,1,1,0,2,"Co-infected"
"MG-0126","South",2022,"10","11",97.68,0.5,0,10,0,2,1,1,0,2,"Co-infected"
"MG-0127","South",2022,"10","11",140.27,1,0.5,37.5,0,7.5,1,1,0,2,"Co-infected"
"MG-0128","South",2022,"10","11",108.35,4,3,50,0,8,1,1,0,2,"Co-infected"
"MG-0129","South",2022,"10","11",92.63,1,0.5,33.75,0,5.5,1,1,0,2,"Co-infected"
"MG-0130","South",2022,"10","11",111,2,2,53.75,0,1,1,1,0,2,"Co-infected"
"MG-0131","South",2022,"10","11",89.04,4,3,52.5,0,9,1,1,0,2,"Co-infected"
"MG-0132","South",2022,"10","11",112.72,2,2,16.25,0,1.5,1,1,0,2,"Co-infected"
"MG-0133","South",2022,"10","11",91.64,0,0.5,47.5,0,2,0,1,0,1,"Single"
"MG-0134","South",2022,"10","11",89.43,4,4,55,0,4.5,1,1,0,2,"Co-infected"
"MG-0135","South",2022,"10","11",102.68,2,3,56.25,0,16,1,1,0,2,"Co-infected"
"MG-0136","South",2022,"10","11",109.72,0,0.5,56.25,0,21,0,1,0,1,"Single"
"MG-0137","South",2022,"10","11",95.61,0.5,1,40,0,6.5,1,1,0,2,"Co-infected"
"MG-0138","South",2022,"10","11",102.49,0.5,0.5,30,0,16,1,1,0,2,"Co-infected"
"MG-0139","South",2022,"10","11",49.56,0,0,5,0,2,0,1,0,1,"Single"
"MG-0140","South",2022,"10","11",48.25,0,0,5,0,4,0,1,0,1,"Single"
"MG-0141","South",2022,"10","11",126.1,2,2,47.5,0,12.5,1,1,0,2,"Co-infected"
"MG-0142","South",2022,"10","11",92.79,0.5,0,27.5,0,10,1,1,0,2,"Co-infected"
"MG-0143","South",2022,"10","11",95.05,1,2,13.75,0,6,1,1,0,2,"Co-infected"
"MG-0144","South",2022,"10","11",53.24,0,0,2.5,0,4.5,0,1,0,1,"Single"
"MG-0145","South",2022,"10","11",47.24,0.5,0,5,0,5,1,1,0,2,"Co-infected"
"MG-0176","Severn",2022,"10","12",108.7,2,1,25,20,2,1,1,1,3,"Co-infected"
"MG-0177","Severn",2022,"10","12",141.74,2,3,20,0,5.5,1,1,0,2,"Co-infected"
"MG-0178","Severn",2022,"10","12",83.72,0.5,0,75,0,6,1,1,0,2,"Co-infected"
"MG-0179","Severn",2022,"10","12",117.12,0,0,45,0,8.5,0,1,0,1,"Single"
"MG-0180","Severn",2022,"10","12",122.68,0,0.5,17.5,0,6,0,1,0,1,"Single"
"MG-0181","Severn",2022,"10","12",102.34,0,0,15,0,9,0,1,0,1,"Single"
"MG-0182","Severn",2022,"10","12",110.82,0.5,1,25,0,9,1,1,0,2,"Co-infected"
"MG-0183","Severn",2022,"10","12",102.08,2,1,57.5,0,4.5,1,1,0,2,"Co-infected"
"MG-0184","Severn",2022,"10","12",87.11,1,0.5,10,0,2.5,1,1,0,2,"Co-infected"
"MG-0185","Severn",2022,"10","12",118.35,3,2,70,0,8,1,1,0,2,"Co-infected"
"MG-0186","Severn",2022,"10","12",92.12,0.5,0.5,15,0,3,1,1,0,2,"Co-infected"
"MG-0187","Severn",2022,"10","12",135.88,4,4,47.5,0,6,1,1,0,2,"Co-infected"
"MG-0188","Severn",2022,"10","12",139.41,1,1,52.5,0,13,1,1,0,2,"Co-infected"
"MG-0189","Severn",2022,"10","12",124.64,4,4,15,0,5.5,1,1,0,2,"Co-infected"
"MG-0190","Severn",2022,"10","12",136.37,4,4,37.5,0,6,1,1,0,2,"Co-infected"
"MG-0191","Severn",2022,"10","12",117.78,1,1,30,0,10,1,1,0,2,"Co-infected"
"MG-0192","Severn",2022,"10","12",133.61,4,3,70,0,12.5,1,1,0,2,"Co-infected"
"MG-0193","Severn",2022,"10","12",142,4,2,40,0,4,1,1,0,2,"Co-infected"
"MG-0194","Severn",2022,"10","12",157.8,1,0.5,60,0,6.5,1,1,0,2,"Co-infected"
"MG-0195","Severn",2022,"10","12",117.48,0.5,0,45,0,4.5,1,1,0,2,"Co-infected"
"MG-0196","Severn",2022,"10","12",96.98,4,3,15,0,12,1,1,0,2,"Co-infected"
"MG-0197","Severn",2022,"10","12",101.06,0,0,35,0,3,0,1,0,1,"Single"
"MG-0198","Severn",2022,"10","12",97.47,4,2,50,0,6,1,1,0,2,"Co-infected"
"MG-0199","Severn",2022,"10","12",133.14,0.5,0,10,0,7,1,1,0,2,"Co-infected"
"MG-0200","Severn",2022,"10","12",85.21,5,4,35,0,2.5,1,1,0,2,"Co-infected"
"MG-0201","Severn",2022,"10","12",93.79,3,3,25,0,2.5,1,1,0,2,"Co-infected"
"MG-0202","Severn",2022,"10","12",84.48,0,0,65,0,6.5,0,1,0,1,"Single"
"MG-0203","Severn",2022,"10","12",99.27,0,0,15,0,5,0,1,0,1,"Single"
"MG-0204","Severn",2022,"10","12",153,0,0,20,0,8.5,0,1,0,1,"Single"
"MG-0205","Severn",2022,"10","12",151,0.5,0.5,40,0,8,1,1,0,2,"Co-infected"
"MG_0206","South",2023,"9","19",67,5,3,20,0,6.5,1,1,0,2,"Co-infected"
"MG_0207","South",2023,"9","19",93.36,1,0.5,30,0,16,1,1,0,2,"Co-infected"
"MG_0208","South",2023,"9","19",118.55,1,0.5,57.5,0,18,1,1,0,2,"Co-infected"
"MG_0209","South",2023,"9","19",101.84,1,0.5,22.5,0,11.5,1,1,0,2,"Co-infected"
"MG_0210","South",2023,"9","19",92.71,0.5,0.5,40,0,13.5,1,1,0,2,"Co-infected"
"MG_0211","South",2023,"9","19",113.48,3,2,52.5,0,15.5,1,1,0,2,"Co-infected"
"MG_0212","South",2023,"9","19",86.29,3,3,45,0,14,1,1,0,2,"Co-infected"
"MG_0213","South",2023,"9","19",97.86,5,4,70,0,13.5,1,1,0,2,"Co-infected"
"MG_0214","South",2023,"9","19",99.94,0.5,0.5,20,0,15,1,1,0,2,"Co-infected"
"MG_0215","South",2023,"9","19",92.69,4,4,32.5,0,17.5,1,1,0,2,"Co-infected"
"MG_0216","South",2023,"9","19",106.83,4,4,32.5,0,19,1,1,0,2,"Co-infected"
"MG_0217","South",2023,"9","19",119.93,0.5,0,27.5,0,3,1,1,0,2,"Co-infected"
"MG_0218","South",2023,"9","19",113.82,4,4,42.5,0,18.5,1,1,0,2,"Co-infected"
"MG_0219","South",2023,"9","19",106.59,4,3,30,0,14.5,1,1,0,2,"Co-infected"
"MG_0220","South",2023,"9","19",76.04,4,3,42.5,0,16,1,1,0,2,"Co-infected"
"MG_0221","South",2023,"9","19",122.62,2,0.5,42.5,0,14.5,1,1,0,2,"Co-infected"
"MG_0222","South",2023,"9","19",106.73,0.5,0,40,0,11.5,1,1,0,2,"Co-infected"
"MG_0223","South",2023,"9","19",93.09,2,2,22.5,0,16,1,1,0,2,"Co-infected"
"MG_0224","South",2023,"9","19",88.62,2,2,47.5,0,18.5,1,1,0,2,"Co-infected"
"MG_0225","South",2023,"9","19",95.22,5,5,50,0,21,1,1,0,2,"Co-infected"
"MG_0226","South",2023,"9","19",81.28,2,2,32.5,0,13,1,1,0,2,"Co-infected"
"MG_0227","South",2023,"9","19",91.19,4,4,25,0,16.5,1,1,0,2,"Co-infected"
"MG_0228","South",2023,"9","19",90.31,4,2,47.5,5,10.5,1,1,1,3,"Co-infected"
"MG_0229","South",2023,"9","19",81.9,3,2,47.5,0,7,1,1,0,2,"Co-infected"
"MG_0230","South",2023,"9","19",97.99,5,2,60,0,13,1,1,0,2,"Co-infected"
"MG_0231","South",2023,"9","19",103.43,4,2,67.5,0,16.5,1,1,0,2,"Co-infected"
"MG_0232","South",2023,"9","19",72.27,1,0,32.5,0,13.5,1,1,0,2,"Co-infected"
"MG_0233","South",2023,"9","19",107.15,4,3,40,0,19,1,1,0,2,"Co-infected"
"MG_0234","South",2023,"9","19",109.16,5,3,22.5,0,13.5,1,1,0,2,"Co-infected"
"MG_0235","Severn",2023,"9","19",144.72,3,2,35,0,24,1,1,0,2,"Co-infected"
"MG_0236","Severn",2023,"9","19",128.65,1,0,35,0,15.5,1,1,0,2,"Co-infected"
"MG_0237","Severn",2023,"9","19",121.86,0.5,0.5,50,0,10.5,1,1,0,2,"Co-infected"
"MG_0238","Severn",2023,"9","19",117.96,3,3,45,0,7.5,1,1,0,2,"Co-infected"
"MG_0239","Severn",2023,"9","19",99.42,3,1,27.5,0,14,1,1,0,2,"Co-infected"
"MG_0240","Severn",2023,"9","19",97.42,0.5,0.5,60,0,13.5,1,1,0,2,"Co-infected"
"MG_0241","Severn",2023,"9","19",111.14,2,2,50,0,12.5,1,1,0,2,"Co-infected"
"MG_0242","Severn",2023,"9","19",100.08,0,0,30,0,11.5,0,1,0,1,"Single"
"MG_0243","Severn",2023,"9","19",108.71,0,0,27.5,0,11,0,1,0,1,"Single"
"MG_0244","Severn",2023,"9","19",85.74,2,1,50,0,5.5,1,1,0,2,"Co-infected"
"MG_0245","Severn",2023,"9","19",137.84,0.5,0,47.5,0,14,1,1,0,2,"Co-infected"
"MG_0246","Severn",2023,"9","19",103.68,0.5,0,50,2.5,15.5,1,1,1,3,"Co-infected"
"MG_0247","Severn",2023,"9","19",131.89,1,0.5,50,0,17,1,1,0,2,"Co-infected"
"MG_0248","Severn",2023,"9","19",113.59,1,1,50,0,11,1,1,0,2,"Co-infected"
"MG_0249","Severn",2023,"9","19",119.42,1,1,52.5,0,13,1,1,0,2,"Co-infected"
"MG_0250","Severn",2023,"9","19",129.43,2,1,60,0,21.5,1,1,0,2,"Co-infected"
"MG_0251","Severn",2023,"9","19",98.43,1,1,57.5,0,21.5,1,1,0,2,"Co-infected"
"MG_0252","Severn",2023,"9","19",70.27,1,0,65,0,9.5,1,1,0,2,"Co-infected"
"MG_0253","Severn",2023,"9","19",93.06,3,2,72.5,0,16,1,1,0,2,"Co-infected"
"MG_0254","Severn",2023,"9","19",91.59,2,1,42.5,0,11,1,1,0,2,"Co-infected"
"MG_0255","Severn",2023,"9","19",89.53,0,0,42.5,0,14,0,1,0,1,"Single"
"MG_0256","Severn",2023,"9","19",113.9,2,0.5,37.5,0,17.5,1,1,0,2,"Co-infected"
"MG_0257","Severn",2023,"9","19",118.95,2,0.5,32.5,0,29,1,1,0,2,"Co-infected"
"MG_0258","Severn",2023,"9","19",109.54,0,0,52.5,0,11.5,0,1,0,1,"Single"
"MG_0259","Severn",2023,"9","19",124.84,2,2,57.5,0,18,1,1,0,2,"Co-infected"
"MG_0260","Severn",2023,"9","19",110.34,0,0,50,0,17,0,1,0,1,"Single"
"MG_0261","Severn",2023,"9","19",102.13,0,0,62.5,0,12,0,1,0,1,"Single"
"MG_0262","Severn",2023,"9","19",71.73,1,2,20,0,2.5,1,1,0,2,"Co-infected"
"MG_0263","West",2023,"9","19",127.71,0,0,80,0,21,0,1,0,1,"Single"
"MG_0264","West",2023,"9","19",117.1,3,2,82.5,0,22,1,1,0,2,"Co-infected"
"MG_0265","West",2023,"9","19",133.34,3,2,72.5,0,23,1,1,0,2,"Co-infected"
"MG_0266","West",2023,"9","19",100.72,3,1,55,0,26.5,1,1,0,2,"Co-infected"
"MG_0267","West",2023,"9","19",134.25,3,2,85,0,26.5,1,1,0,2,"Co-infected"
"MG_0268","West",2023,"9","19",114.51,0.5,0.5,65,0,4.5,1,1,0,2,"Co-infected"
"MG_0269","West",2023,"9","19",113.22,3,2,85,0,16,1,1,0,2,"Co-infected"
"MG_0270","West",2023,"9","19",130.21,1,0.5,77.5,2.5,11,1,1,1,3,"Co-infected"
"MG_0271","West",2023,"9","19",128.52,2,1,80,0,29.5,1,1,0,2,"Co-infected"
"MG_0272","West",2023,"9","19",114.96,2,2,55,0,15.5,1,1,0,2,"Co-infected"
"MG_0273","West",2023,"9","19",105.19,0,0,52.5,0,17,0,1,0,1,"Single"
"MG_0274","West",2023,"9","19",121,0,0,80,0,21,0,1,0,1,"Single"
"MG_0275","West",2023,"9","19",89.61,1,1,62.5,0,7.5,1,1,0,2,"Co-infected"
"MG_0276","West",2023,"9","19",72.85,2,1,50,0,4,1,1,0,2,"Co-infected"
"MG_0277","West",2023,"9","19",72.09,3,2,62.5,0,10.5,1,1,0,2,"Co-infected"
"MG_0278","West",2023,"9","19",106.41,2,1,55,0,17.5,1,1,0,2,"Co-infected"
"MG_0279","West",2023,"9","19",182,2,2,42.5,0,20.5,1,1,0,2,"Co-infected"
"MG_0280","West",2023,"9","19",131.83,2,1,50,0,17,1,1,0,2,"Co-infected"
"MG_0281","West",2023,"9","19",111.96,2,2,65,0,28,1,1,0,2,"Co-infected"
"MG_0282","West",2023,"9","19",115.06,0,0.5,67.5,0,22.5,0,1,0,1,"Single"
"MG_0283","West",2023,"9","19",91.27,3,2,67.5,0,16,1,1,0,2,"Co-infected"
"MG_0284","West",2023,"9","19",114.23,2,1,77.5,0,22.5,1,1,0,2,"Co-infected"
"MG_0285","West",2023,"9","19",139.12,2,1,72.5,0,21,1,1,0,2,"Co-infected"
"MG_0286","West",2023,"9","19",84.81,0.5,1,42.5,0,6,1,1,0,2,"Co-infected"
"MG_0287","West",2023,"9","19",131.34,0.5,0,77.5,0,25.5,1,1,0,2,"Co-infected"
"MG_0288","South",2023,"9","19",112.97,2,1,50,0,10,1,1,0,2,"Co-infected"
"MG_0289","South",2023,"9","19",143.48,2,1,37.5,5,15,1,1,1,3,"Co-infected"
"MG_0290","South",2023,"9","19",136.93,1,0.5,47.5,0,25.5,1,1,0,2,"Co-infected"
"MG_0291","South",2023,"9","19",97.59,3,2,62.5,0,15.5,1,1,0,2,"Co-infected"
"MG_0292","South",2023,"9","19",140.62,0.5,0.5,67.5,2.5,20.5,1,1,1,3,"Co-infected"
"MG_0293","South",2023,"9","19",105.72,3,1,55,0,8,1,1,0,2,"Co-infected"
"MG_0294","Severn",2024,"9","23",122.43,0,0,82.5,0,6,0,1,0,1,"Single"
"MG_0295","Severn",2024,"9","23",124.08,0,0,82.5,0,14.5,0,1,0,1,"Single"
"MG_0296","Severn",2024,"9","23",131.35,3,0,82.5,0,3.5,1,1,0,2,"Co-infected"
"MG_0297","Severn",2024,"9","23",82.3,0,0,20,0,5.5,0,1,0,1,"Single"
"MG_0298","Severn",2024,"9","23",100.52,0,0,87.5,0,3.5,0,1,0,1,"Single"
"MG_0299","Severn",2024,"9","23",105.6,2,1,42.5,0,7.5,1,1,0,2,"Co-infected"
"MG_0300","Severn",2024,"9","23",117.75,1,1,75,0,9.5,1,1,0,2,"Co-infected"
"MG_0301","Severn",2024,"9","23",110.88,3,2,62.5,0,19,1,1,0,2,"Co-infected"
"MG_0302","South",2024,"9","23",121.87,0.5,0.5,37.5,0,10.5,1,1,0,2,"Co-infected"
"MG_0303","Severn",2024,"9","23",142.22,2,0.5,80,0,9,1,1,0,2,"Co-infected"
"MG_0304","Severn",2024,"9","23",97.37,0,0.5,35,0,15.5,0,1,0,1,"Single"
"MG_0305","South",2024,"9","23",142.45,2,1,75,0,12,1,1,0,2,"Co-infected"
"MG_0306","South",2024,"9","23",137.03,0.5,0.5,75,0,10,1,1,0,2,"Co-infected"
"MG_0307","South",2024,"9","23",148.08,1,1,82.5,0,12,1,1,0,2,"Co-infected"
"MG_0308","South",2024,"9","23",185.7,0.5,0.5,62.5,0,10.5,1,1,0,2,"Co-infected"
"MG_0309","South",2024,"9","23",134.26,2,2,57.5,0,14.5,1,1,0,2,"Co-infected"
"MG_0310","South",2024,"9","23",140.58,2,2,42.5,0,15,1,1,0,2,"Co-infected"
"MG_0311","South",2024,"9","23",118.18,2,1,80,0,11,1,1,0,2,"Co-infected"
"MG_0312","South",2024,"9","23",133.36,2,1,87.5,0,10,1,1,0,2,"Co-infected"
"MG_0313","South",2024,"9","23",134.33,0,0,85,0,12,0,1,0,1,"Single"
"MG_0314","South",2024,"9","23",123.53,0.5,0,87.5,0,8.5,1,1,0,2,"Co-infected"
"MG_0315","South",2024,"9","23",101.25,0,0,37.5,0,15,0,1,0,1,"Single"
"MG_0316","South",2024,"9","23",102.05,2,1,57.5,0,5.5,1,1,0,2,"Co-infected"
"MG_0317","South",2024,"9","23",102.14,0,0,27.5,0,9.5,0,1,0,1,"Single"
"MG_0318","South",2024,"9","23",96.54,3,2,37.5,0,7.5,1,1,0,2,"Co-infected"
"MG_0319","South",2024,"9","23",100.92,2,2,40,0,9,1,1,0,2,"Co-infected"
"MG_0320","South",2024,"9","23",128,0,0,12.5,0,6,0,1,0,1,"Single"
"MG_0321","South",2024,"9","23",121.74,1,0,40,0,4,1,1,0,2,"Co-infected"
"MG_0322","South",2024,"9","23",83.49,0,0,40,0,14,0,1,0,1,"Single"
"MG_0323","South",2024,"9","23",NA,0,0,15,0,4.5,0,1,0,1,"Single"
"MG_0324","South",2024,"9","23",103.71,1,1,17.5,0,7,1,1,0,2,"Co-infected"
"MG_0325","South",2024,"9","23",81.14,0.5,0.5,32.5,0,3.5,1,1,0,2,"Co-infected"
"MG_0326","South",2024,"9","23",35.73,0,0.5,1.25,0,0,0,1,0,1,"Single"
"MG_0327","South",2024,"9","23",93.97,0,0,52.5,0,5.5,0,1,0,1,"Single"
"MG_0328","South",2024,"9","23",78.4,0,0,27.5,0,2,0,1,0,1,"Single"
"MG_0329","South",2024,"9","23",72.36,0,0,70,0,4.5,0,1,0,1,"Single"
"MG_0330","South",2024,"9","23",72.87,0.5,0,62.5,0,8,1,1,0,2,"Co-infected"
"MG_0331","South",2024,"9","23",79.55,0,0,32.5,0,2.5,0,1,0,1,"Single"
"MG_0332","South",2024,"9","23",78.5,0.5,0.5,35,0,2,1,1,0,2,"Co-infected"
"MG_0333","Severn",2024,"9","23",122.89,0.5,0,75,0,6.5,1,1,0,2,"Co-infected"
"MG_0334","Severn",2024,"9","23",114.58,0.5,0.5,82.5,0,10.5,1,1,0,2,"Co-infected"
"MG_0336","Severn",2024,"9","23",111.47,1,1,45,0,4.5,1,1,0,2,"Co-infected"
"MG_0337","Severn",2024,"9","23",95.71,0,0,47.5,0,9.5,0,1,0,1,"Single"
"MG_0338","Severn",2024,"9","23",125.29,0,0,57.5,0,5.5,0,1,0,1,"Single"
"MG_0339","Severn",2024,"9","23",123.16,0.5,0,87.5,0,10,1,1,0,2,"Co-infected"
"MG_0340","Severn",2024,"9","23",136.85,0.5,0.5,80,0,9,1,1,0,2,"Co-infected"
"MG_0341","Severn",2024,"9","23",113.05,1,1,80,0,11,1,1,0,2,"Co-infected"
"MG_0342","Severn",2024,"9","23",131.53,4,3,77.5,0,11.5,1,1,0,2,"Co-infected"
"MG_0343","Severn",2024,"9","23",124.34,0,0,82.5,0,17,0,1,0,1,"Single"
"MG_0344","Severn",2024,"9","23",113.58,3,3,90,0,8,1,1,0,2,"Co-infected"
"MG_0345","Severn",2024,"9","23",98.39,0.5,0,30,0,5,1,1,0,2,"Co-infected"
"MG_0346","Severn",2024,"9","23",83.21,0.5,0,52.5,0,9,1,1,0,2,"Co-infected"
"MG_0347","Severn",2024,"9","23",113.19,2,2,22.5,0,9.5,1,1,0,2,"Co-infected"
"MG_0348","Severn",2024,"9","23",112.29,0,0,82.5,0,10.5,0,1,0,1,"Single"
"MG_0349","West",2024,"9","23",84.01,3,2,22.5,0,4.5,1,1,0,2,"Co-infected"
"MG_0350","West",2024,"9","23",92.56,2,2,15,0,2.5,1,1,0,2,"Co-infected"
"MG_0351","West",2024,"9","23",82.11,2,0.5,25,0,3,1,1,0,2,"Co-infected"
"MG_0352","West",2024,"9","23",95.74,3,2,52.5,0,8,1,1,0,2,"Co-infected"
"MG_0353","West",2024,"9","23",86.53,1,0.5,30,0,4,1,1,0,2,"Co-infected"
"MG_0354","West",2024,"9","23",100.54,0.5,0.5,25,0,7,1,1,0,2,"Co-infected"
"MG_0355","West",2024,"9","23",100.8,2,2,32.5,0,4,1,1,0,2,"Co-infected"
"MG_0356","West",2024,"9","23",88.71,1,0,57.5,0,4,1,1,0,2,"Co-infected"
"MG_0357","West",2024,"9","23",80.78,0.5,0,22.5,0,5,1,1,0,2,"Co-infected"
"MG_0358","West",2024,"9","23",84.61,0,0,42.5,0,8.5,0,1,0,1,"Single"
"MG_0359","West",2024,"9","23",69.45,0.5,0.5,55,2.5,6,1,1,1,3,"Co-infected"
"MG_0360","West",2024,"9","23",83.77,0,0,57.5,0,6.5,0,1,0,1,"Single"
"MG_0361","West",2024,"9","23",47.84,4,4,17.5,0,6,1,1,0,2,"Co-infected"
"MG_0362","West",2024,"9","23",61.78,0.5,0,22.5,0,3,1,1,0,2,"Co-infected"
"MG_0363","West",2024,"9","23",95.74,0.5,0,27.5,0,7.5,1,1,0,2,"Co-infected"
"MG_0364","West",2024,"9","23",140.61,1,0.5,20,0,9.5,1,1,0,2,"Co-infected"
"MG_0365","West",2024,"9","23",102.86,0,0,30,0,8,0,1,0,1,"Single"
"MG_0366","West",2024,"9","23",98.16,0.5,0,7.5,0,2,1,1,0,2,"Co-infected"
"MG_0367","West",2024,"9","23",71.42,1,0,70,0,4.5,1,1,0,2,"Co-infected"
"MG_0368","West",2024,"9","23",71.62,0,0,15,0,6.5,0,1,0,1,"Single"
"MG_0369","West",2024,"9","23",88.49,0.5,0,67.5,0,4.5,1,1,0,2,"Co-infected"
"MG_0370","West",2024,"9","23",94.86,0.5,0.5,27.5,1.25,5,1,1,1,3,"Co-infected"
"MG_0371","West",2024,"9","23",78.22,2,1,12.5,0,2.5,1,1,0,2,"Co-infected"
"MG_0372","West",2024,"9","23",99.46,0,0,15,1.25,5.5,0,1,1,2,"Co-infected"
"MG_0373","West",2024,"9","23",74.1,0,0,25,0,5.5,0,1,0,1,"Single"
"MG_0374","West",2024,"9","23",90.21,0,0,42.5,2.5,8.5,0,1,1,2,"Co-infected"
"MG_0375","West",2024,"9","23",121.05,1,1,8.75,1.25,3,1,1,1,3,"Co-infected"
"MG_0376","West",2024,"9","23",90.24,1,0.5,55,0,5.5,1,1,0,2,"Co-infected"
"MG_0377","South",2024,"9","23",91.15,0.5,0.5,25,0,5,1,1,0,2,"Co-infected"
"MG_0378","South",2024,"9","23",93.99,0.5,0,7.5,0,2,1,1,0,2,"Co-infected"
"MG_0379","South",2024,"9","23",89.29,0,0,15,0,8,0,1,0,1,"Single"
"MG_0380","South",2024,"9","23",58.62,1,0.5,10,0,2,1,1,0,2,"Co-infected"
"MG_0381","Severn",2024,"9","23",100.62,0.5,0.5,47.5,0,6.5,1,1,0,2,"Co-infected"
"MG_0382","Severn",2024,"9","23",120.48,0,0,50,2.5,6,0,1,1,2,"Co-infected"
"MG_0383","Severn",2024,"9","23",140.36,0,0,75,0,10,0,1,0,1,"Single"
"MG_0384","Severn",2024,"9","23",152.18,2,2,82.5,0,9,1,1,0,2,"Co-infected"
"MG_0385","Severn",2024,"9","23",153.18,0.5,0,85,0,10.5,1,1,0,2,"Co-infected"
"MG_0386","West",2024,"9","23",119.64,0.5,0.5,55,0,11,1,1,0,2,"Co-infected"
"MG_0387","West",2024,"9","23",108.54,1,0,52.5,0,5,1,1,0,2,"Co-infected"
"MG_0388","West",2024,"9","23",103.8,1,0.5,52.5,0,5.5,1,1,0,2,"Co-infected"
"MG_0389","West",2024,"9","23",117.17,0,0,70,0,5.5,0,1,0,1,"Single"
"MG_0390","West",2024,"9","23",132.77,0.5,0,85,0,18.5,1,1,0,2,"Co-infected"
"MG_0391","West",2024,"9","23",150.75,0.5,0,50,0,6.5,1,1,0,2,"Co-infected"
"MG_0392","West",2024,"9","23",92.04,2,2,75,2.5,5,1,1,1,3,"Co-infected"
"MG_0393","South",2024,"9","23",73.07,0,0,37.5,0,4.5,0,1,0,1,"Single"
"MG_0394","South",2025,"9","22",112.51,0.5,0.5,37.5,0,12.5,1,1,0,2,"Co-infected"
"MG_0396","South",2025,"9","22",113.02,0,0,70,0,13.5,0,1,0,1,"Single"
"MG_0397","South",2025,"9","22",89.53,0,0,7,0,4,0,1,0,1,"Single"
"MG_0398","South",2025,"9","22",140.39,0.5,0,21.25,0,12,1,1,0,2,"Co-infected"
"MG_0399","South",2025,"9","22",109.75,2,2,18.75,0,5,1,1,0,2,"Co-infected"
"MG_0400","South",2025,"9","22",129.33,1,1,42.5,0,12,1,1,0,2,"Co-infected"
"MG_0401","South",2025,"9","22",114.88,2,2,48.75,0,5.5,1,1,0,2,"Co-infected"
"MG_0402","South",2025,"9","22",124.87,0.5,0,56.25,0,11.5,1,1,0,2,"Co-infected"
"MG_0403","South",2025,"9","22",101.26,0,0,68.75,0,9.5,0,1,0,1,"Single"
"MG_0404","South",2025,"9","22",100.53,0,0,8,0,3.5,0,1,0,1,"Single"
"MG_0405","South",2025,"9","22",133.05,1,1,57.5,0,6.5,1,1,0,2,"Co-infected"
"MG_0406","South",2025,"9","22",131.71,3,2,46.25,0,17,1,1,0,2,"Co-infected"
"MG_0407","South",2025,"9","22",128.57,1,0,56.25,0,9,1,1,0,2,"Co-infected"
"MG_0408","South",2025,"9","22",76.49,0.5,0,4.25,0,2,1,1,0,2,"Co-infected"
"MG_0409","South",2025,"9","22",93.33,1,1,23,0,6.5,1,1,0,2,"Co-infected"
"MG_0410","South",2025,"9","22",112.74,0,0,46,0,3.5,0,1,0,1,"Single"
"MG_0411","South",2025,"9","22",112.52,0,0.5,57.5,0,6.5,0,1,0,1,"Single"
"MG_0412","South",2025,"9","22",75.43,0,0,31.25,0,2.5,0,1,0,1,"Single"
"MG_0413","South",2025,"9","22",99.6,0,0,37.5,0,2,0,1,0,1,"Single"
"MG_0414","South",2025,"9","22",104.05,0,0.5,46.25,0,6.5,0,1,0,1,"Single"
"MG_0415","South",2025,"9","22",95.18,4,2,65,0,19,1,1,0,2,"Co-infected"
"MG_0416","South",2025,"9","22",87.53,4,2,67.5,0,15,1,1,0,2,"Co-infected"
"MG_0417","South",2025,"9","22",123.59,2,2,55,0,9.5,1,1,0,2,"Co-infected"
"MG_0418","South",2025,"9","22",104.46,3,2,21.25,0,6.5,1,1,0,2,"Co-infected"
"MG_0419","South",2025,"9","22",104.45,0.5,0,26.25,0,6.5,1,1,0,2,"Co-infected"
"MG_0420","South",2025,"9","22",109.36,3,3,20,0,8.5,1,1,0,2,"Co-infected"
"MG_0421","South",2025,"9","22",134.99,2,1,30,0,13,1,1,0,2,"Co-infected"
"MG_0422","South",2025,"9","22",93.63,0.5,0,57.5,0,16,1,1,0,2,"Co-infected"
"MG_0423","South",2025,"9","22",109.03,2,1,50,0,13,1,1,0,2,"Co-infected"
"MG_0426","South",2025,"9","22",101.08,0,0.5,62.5,0,7.5,0,1,0,1,"Single"
"MG_0427","South",2025,"9","22",67.3,0.5,0,1.5,0,1.5,1,1,0,2,"Co-infected"
"MG_0428","West",2025,"9","22",132.86,0,0,80,0,8,0,1,0,1,"Single"
"MG_0429","West",2025,"9","22",142.7,0.5,0,95,0,18,1,1,0,2,"Co-infected"
"MG_0430","West",2025,"9","22",86.58,4,2,8.75,0,5,1,1,0,2,"Co-infected"
"MG_0431","West",2025,"9","22",112.68,3,2,65,0,11,1,1,0,2,"Co-infected"
"MG_0432","West",2025,"9","22",102.01,1,1,80,0,10.5,1,1,0,2,"Co-infected"
"MG_0433","West",2025,"9","22",118.9,1,0.5,73.75,0,0,1,1,0,2,"Co-infected"
"MG_0434","West",2025,"9","22",74.5,2,1,91.25,0,8,1,1,0,2,"Co-infected"
"MG_0435","West",2025,"9","22",110,0.5,0.5,25,0,2,1,1,0,2,"Co-infected"
"MG_0436","West",2025,"9","22",124.2,2,1,77.5,0,7.5,1,1,0,2,"Co-infected"
"MG_0437","West",2025,"9","22",136,0,0,85,0,17,0,1,0,1,"Single"
"MG_0438","West",2025,"9","22",137.1,0,0,87.5,0,10.5,0,1,0,1,"Single"
"MG_0439","West",2025,"9","22",110.2,0,0,90,0,19,0,1,0,1,"Single"
"MG_0440","West",2025,"9","22",141.5,0.5,0.5,55,0,17,1,1,0,2,"Co-infected"
"MG_0441","West",2025,"9","22",113.8,0.5,0.5,77.5,0,21,1,1,0,2,"Co-infected"
"MG_0442","West",2025,"9","22",120,3,2,93.75,0,13.5,1,1,0,2,"Co-infected"
"MG_0443","West",2025,"9","22",133.1,2,2,70,0,8,1,1,0,2,"Co-infected"
"MG_0444","West",2025,"9","22",100,3,2,93.75,0,7.5,1,1,0,2,"Co-infected"
"MG_0445","West",2025,"9","22",142.8,1,0.5,87.5,0,20.5,1,1,0,2,"Co-infected"
"MG_0446","West",2025,"9","22",104.2,1,1,50,0,10.5,1,1,0,2,"Co-infected"
"MG_0447","West",2025,"9","22",96.5,0,0.5,70,0,6.5,0,1,0,1,"Single"
"MG_0448","West",2025,"9","22",139.5,3,0,96.25,0,21,1,1,0,2,"Co-infected"
"MG_0450","West",2025,"9","22",116.16,2,1,97.5,0,10.5,1,1,0,2,"Co-infected"
"MG_0451","West",2025,"9","22",101.21,0.5,0.5,51.25,0,5.5,1,1,0,2,"Co-infected"
"MG_0452","West",2025,"9","22",106.89,2,3,88.75,0,10.5,1,1,0,2,"Co-infected"
"MG_0453","West",2025,"9","22",135.81,1,0.5,67.5,0,14,1,1,0,2,"Co-infected"
"MG_0454","Severn",2025,"9","22",124.58,3,2,80,0,18,1,1,0,2,"Co-infected"
"MG_0455","Severn",2025,"9","22",133.3,0,0.5,57.5,0,7.5,0,1,0,1,"Single"
"MG_0456","Severn",2025,"9","22",139.41,0.5,0,52.5,0,10.5,1,1,0,2,"Co-infected"
"MG_0458","Severn",2025,"9","22",159,0.5,0,41.25,0,10.5,1,1,0,2,"Co-infected"
"MG_0459","Severn",2025,"9","22",111.25,0,0.5,76.25,0,3.5,0,1,0,1,"Single"
"MG_0461","Severn",2025,"9","22",149.16,0.5,0,68.75,0,10.5,1,1,0,2,"Co-infected"
"MG_0463","Severn",2025,"9","22",129.59,0,0,42.5,0,4.5,0,1,0,1,"Single"
"MG_0464","Severn",2025,"9","22",141.09,2,2,58.75,0,6,1,1,0,2,"Co-infected"
"MG_0465","Severn",2025,"9","22",123.22,2,1,58.75,0,7,1,1,0,2,"Co-infected"
"MG_0466","Severn",2025,"9","22",144.77,1,1,63.75,0,8.5,1,1,0,2,"Co-infected"
"MG_0467","Severn",2025,"9","22",112.98,0.5,0.5,28.75,0,9,1,1,0,2,"Co-infected"
"MG_0468","Severn",2025,"9","22",115.28,1,1,57.5,0,9.5,1,1,0,2,"Co-infected"
"MG_0469","Severn",2025,"9","22",157,0.5,0,46.25,0,9.5,1,1,0,2,"Co-infected"
"MG_0470","Severn",2025,"9","22",130.3,0,0,55,0,6.5,0,1,0,1,"Single"
"MG_0471","Severn",2025,"9","22",115.13,0,1,61.25,0,5,0,1,0,1,"Single"
"MG_0472","Severn",2025,"9","22",134.39,0,0,12.5,0,5,0,1,0,1,"Single"
"MG_0473","Severn",2025,"9","22",84.59,3,2,47.5,0,5.5,1,1,0,2,"Co-infected"
"MG_0474","Severn",2025,"9","22",90.98,2,1,52.5,0,9,1,1,0,2,"Co-infected"
"MG_0475","Severn",2025,"9","22",109.44,0,0,32.5,0,3.5,0,1,0,1,"Single"
"MG_0476","Severn",2025,"9","22",67.51,0,0,2.25,0,1,0,1,0,1,"Single"
"MG_0477","Severn",2025,"9","22",120.12,2,2,32.5,0,7,1,1,0,2,"Co-infected"
"MG_0478","Severn",2025,"9","22",129.44,1,0.5,67.5,0,6,1,1,0,2,"Co-infected"
"MG_0479","Severn",2025,"9","22",147.99,0.5,0.5,56.25,0,7,1,1,0,2,"Co-infected"
"MG_0480","Severn",2025,"9","22",134.07,0.5,0,47.5,0,9,1,1,0,2,"Co-infected"
"MG_0481","Severn",2025,"9","22",118.24,3,2,73.75,0,8,1,1,0,2,"Co-infected"
"MG_0482","Severn",2025,"9","22",74.97,0,0.5,15,0,5.5,0,1,0,1,"Single"
"MG_0483","Severn",2025,"9","22",120.08,1,0,52.5,0,12.5,1,1,0,2,"Co-infected"
"MG_0484","Severn",2025,"9","22",68.95,0,0,0,0,2,0,0,0,0,"Uninfected"
"MG_0485","Severn",2025,"9","22",171,2,2,60,0,6.5,1,1,0,2,"Co-infected"
